,City,Country,Population,Bars,Parks,Galleries,Gyms,Bookstores,Fast Food
0,Fairbanks,US,34657,9.810427907781978,1.154167989150821,2.0197939810139363,3.1739619701647572,1.154167989150821,9.521885910494273
1,Detroit,US,1747582,6.866630578708181,1.2531600806142429,0.7953847087003643,3.913979429863663,0.8812175909342166,10.87216508295462
2,New Orleans,US,1272995,6.60646742524519,1.0526357134159992,1.9481616188594613,2.2780922156017893,0.6441502126874026,5.184623663093728
3,Memphis,US,1346931,2.101072734980485,0.5642456814788582,0.3118199818698953,1.2769770686100474,0.25984998489157946,5.226696838962055
4,Mobile,US,414817,3.0615910148330467,0.67499644421516,0.4821403172965428,1.51874199948411,0.2410701586482714,6.412466220044019
5,Philadelphia,US,2134060,7.966036568793754,1.9727655267424535,1.4854315248868355,6.091675023195224,1.2277068123670376,7.497446182394122
6,Baltimore,US,2797991,3.3345353862825147,0.8148703837860809,0.43960112809512253,2.4374631655355574,0.5075069934106292,5.36098936701369
7,Savannah,US,385219,6.983040815743772,1.972903724894151,1.8171481676656656,2.7516815110365793,0.7528185266043471,8.826148242947518
8,Auburn,US,160071,2.6863079508468117,0.7496673351200406,0.18741683378001014,0.9995564468267206,0.6871950571933705,6.372172348520344
9,Flint,US,407879,4.241453960610867,0.8826146970057297,0.3187219739187357,1.7161952441778077,0.3187219739187357,7.306088325214096
10,Hammond,US,129819,169.46671904728893,37.8218904782813,33.123040541061016,100.13942489157981,19.257581709919194,207.98188246712732
11,Salinas,US,434506,5.408440850068814,4.694986950698034,3.4982255711083394,6.85836329072556,1.5419810083174914,10.74783777439207
12,Chicago,US,7318619,3.8258584030675733,1.2078781529684768,0.7774690826233748,2.8693938023006798,0.5451848224371292,5.465512004382248
13,Albany,US,152566,17.566168084632224,3.4083609716450582,2.425179922132061,10.68390073804124,2.949543148538993,21.171165266179884
14,Montgomery,US,372661,1.851548726590655,0.7245190669267779,0.18783827661064612,0.8855233040216175,0.2146723161264527,5.3936419426771245
15,Shreveport,US,442787,2.4390959987533507,0.519437110845621,0.27101066652815015,1.038874221691242,0.3613475553708668,4.968528886349419
16,Fayetteville,US,378409,3.9903913490429668,1.849850294258329,0.4228229244019038,2.114114622009519,0.5021022227272607,7.26726901315772
17,Fort Wayne,US,431558,3.0586850434935746,0.46343712780205676,0.2548904202911312,1.2049365322853476,0.4402652714119539,5.630761102794989
18,Pine Bluff,US,92403,0.43288637814789566,0.3246647836109217,0.10822159453697391,0.21644318907394783,0.0,4.112420592405008
19,Gary,US,700547,18.55692765795871,4.025425845803351,4.696330153437242,11.462471468723725,2.1126348410599145,22.839295579026103
20,Columbus,US,316990,23.943972995993565,7.5712167576264235,3.1231269125209,12.68178806902426,2.7130193381494685,34.70141013912111
21,Little Rock,US,737086,1.8993713080970198,0.44770895119429754,0.24420488246961683,1.0582211573683398,0.284905696214553,5.141869469776933
22,Bakersfield,US,884443,1.4359319933562704,0.9384437436895312,0.1356786135454744,1.4133188910986914,0.2939703293485278,5.06533490569771
23,Beckley,US,121287,2.143675744308953,0.9893888050656706,0.1648981341776118,0.6595925367104472,0.24734720126641765,5.6065365620388
24,Milwaukee,US,1577025,6.341053566049999,1.2999159810402499,0.6594695708691999,2.2320508552495997,0.48192007101979994,5.066501799273949
25,Baton Rouge,US,833146,2.2685099610392414,0.9482131583179899,0.3360755497835914,1.5483480686458317,0.216048567718023,5.065138643166984
26,Virginia Beach,US,1724733,2.4699475223121494,0.9740638116160588,0.3130919394480189,1.7973796523867753,0.5160219002013645,4.621005106297613
27,Saginaw,US,191925,6.981893968998307,0.8857626677087405,0.5210368633580826,1.7194216490816725,0.5210368633580826,10.368633580825843
28,Cleveland,US,2055254,4.846116343770649,0.9487878383888317,0.5254824951076607,2.08733324445543,0.41843976462276683,4.8655786584042655
29,Indianapolis,US,2004800,3.2621707901037507,1.8006783719074222,0.5586592178770949,2.0849960095770155,0.41899441340782123,5.48683160415004
30,Rockford,US,337323,5.899390198711621,0.8300649525825397,0.35574212253537413,2.1048075583342967,0.5929035375589569,8.478520587093083
31,Tulsa,US,984554,2.6915740528198557,0.6195698763094762,0.304706496545644,1.5438462491645966,0.3656477958547728,5.393304988857898
32,Kankakee,US,109833,7.921116604299255,1.2746624420711443,0.45523658645398013,2.3672302495606967,0.18209463458159203,9.559968315533583
33,Las Vegas,US,2155946,5.566002116936139,1.7115456509578626,0.7514102857863787,3.6781997322752984,0.658643583837443,8.812836685148886
34,Topeka,US,232459,2.366008629478747,0.38716504846015853,0.3011283710245678,1.1184768066626802,0.21509169358897698,4.387870549215131
35,Anchorage,US,315641,3.3582456018071163,3.168156228119921,0.9187653061547771,2.0909831105591477,0.7286759324675819,5.449228712366264
36,Houma,US,212402,1.9773825105224998,0.3295637517537499,0.14124160789446427,1.0357717912260713,0.14124160789446427,4.048926092974642
37,Goldsboro,US,124396,1.6077687385446475,0.48233062156339435,0.4019421846361619,1.1254381169812533,0.643107495417859,9.968166178976816
38,Jacksonville,US,1473678,3.087513011661978,1.3232198621408475,0.305358429724811,2.2121521797841863,0.3664301156697732,5.693238278647032
39,Stockton,US,729104,3.3328578638987034,2.235620707059624,0.5211876494985627,4.292940376132898,0.7680660097873555,9.35394676205315
40,Chambersburg,US,153940,4.936988437053397,1.948811225152657,0.5196829933740418,2.078731973496167,0.6496037417175523,9.744056125763285
41,Yakima,US,250717,2.1937084441820858,0.5982841211405688,0.07977121615207584,0.7179409453686827,0.35897047268434135,3.948675199527754
42,Albuquerque,US,907140,2.7559141918557226,1.686619485415702,0.8708688846264083,2.667724937716339,0.6063011222082589,6.526004806314351
43,Cheyenne,US,97275,3.0840400925212026,0.9252120277563609,0.4112053456694937,1.4392187098432279,0.6168080185042405,6.373682857877152
44,Rocky Mount,US,147228,1.42635911647241,0.40753117613497436,0.13584372537832476,0.6112967642024615,0.40753117613497436,6.045045779335453
45,Orlando,US,2445214,4.0855319820678275,1.288230805156522,0.44576875480019335,2.7114191232342035,0.4989338356479229,6.543394565874398
46,Hilton Head Island,US,211983,12.784044003528583,3.2549779935183483,3.5380195581721177,4.0569290933706945,1.4623814173778087,9.529066010010236
47,Wichita Falls,US,150165,2.1309892451636534,0.5327473112909134,0.13318682782272834,1.132088036493191,0.33296706955682087,6.992308460693238
48,Dayton,US,800013,4.4249280949184575,1.3999772503696815,0.4999918751320291,1.8749695317451092,0.5874904532801342,8.07486878338227
49,Alexandria,US,154032,103.87451958034694,48.43149475433677,25.70894359613587,123.350992001662,17.00945258128181,181.78040926560712
50,Macon,US,229434,2.440789072238639,0.6101972680596598,0.4794407106183042,1.4383221318549124,0.4794407106183042,10.765623229338285
51,Corpus Christi,US,456121,3.3324490650507212,1.1181243573525446,0.4823281541520781,1.0742763433387192,0.2850120910898643,5.590621786762723
52,Lima,US,103900,5.2935514918190565,0.3849855630413859,0.19249278152069296,0.8662175168431183,0.28873917228103946,8.75842155919153
53,Muncie,US,116443,5.925646024235033,4.980977817472926,0.8587892788746426,1.2023049904244996,0.9446682067621067,14.427659885093995
54,San Antonio,US,2426076,3.2109464006898385,0.8120108356044906,0.46165083039443117,2.0568193247037603,0.35036000521005933,5.77063537993039
55,Yuba City,US,170558,4.455962194678643,3.2247094829911234,0.4690486520714361,5.100904091276868,0.9380973041428722,9.029186552375144
56,Tuscaloosa,US,241294,2.1136041509527796,0.41443218646132934,0.08288643729226587,0.7045347169842598,0.29010253052293056,5.180402330766617
57,Augusta,US,595180,1.9825935011257099,0.7224705131220808,0.21842131792062905,1.1929164286434357,0.1680163984004839,5.090896871534662
58,Texarkana,US,149537,1.1368423868340278,0.4012384894708333,0.06687308157847222,0.936223142098611,0.13374616315694443,5.617338852591667
59,Wilmington,US,723943,3.1494192222315847,0.5663429303135744,0.48346347709695375,1.2846315248576199,0.27626484405540214,2.859341135973412
60,Houston,US,6789215,2.3566789385812648,0.5818051129622497,0.35939353813364283,1.9148016375972774,0.3063682620155644,4.860650310823859
61,Miami,US,2737194,4.3840516967376075,1.7170869145555632,1.02659877231939,4.3840516967376075,0.4128315347761247,6.576077545106412
62,Myrtle Beach,US,444122,6.507220988827394,0.9682024308635916,0.3827777052251409,1.5761434921035211,0.4953593832325352,5.966828934391901
63,Visalia,US,460141,1.8907247995723049,0.7823688825816434,0.15212728272420845,1.7603299858086978,0.3042545654484169,6.541473157140963
64,Toledo,US,604373,4.38470944267861,0.5791125679009486,0.24819110052897794,1.24095550264489,0.3143753940033721,6.568791127333617
65,Vineland,US,154814,10.076608058702702,2.583745656077616,1.0334982624310463,7.945017892438669,1.3564664694407482,12.079010942162853
66,Anniston,US,114790,2.2650056625141564,0.696924819235125,0.17423120480878124,0.4355780120219531,0.17423120480878124,12.631762348636641
67,Sebring,US,99857,2.503580119570987,1.1015752526112341,0.40057281913135784,0.5007160239141972,0.20028640956567892,5.207446648707652
68,Atlanta,US,5790619,2.417703530486119,0.7339457146118575,0.4524559464195451,2.245010421165682,0.32466304552242164,4.662713951651801
69,Lake Charles,US,206047,2.1354351191718393,0.5338587797929598,0.09706523268962908,0.8735870942066616,0.1455978490344436,4.950326867171083
70,Trenton,US,370221,17.25996094224801,4.997015296268985,2.674078455841241,18.394418468968535,2.8091329233079705,24.147738783051203
71,Camden,US,1246564,0.3369261425807259,0.1203307652074021,0.15241896926270934,0.08022051013826806,0.15241896926270934,0.17648512230418975
72,Clarksville,US,285097,1.7537890612668672,0.6664398432814095,0.21045468735202405,0.9821218743094456,0.2806062498026987,6.313640620560721
73,Dothan,US,148284,2.292897413072213,0.40462895524803755,0.13487631841601253,0.8766960697040814,0.20231447762401877,6.878692239216638
74,Oklahoma City,US,1372721,2.8629269895339258,0.5973537230070787,0.5317905095063017,1.7993459705213224,0.40794888400483414,6.1410876645727726
75,Redding,US,178755,3.4124919582669015,1.7901597158121452,0.3356549467147772,2.40552711812257,0.8391373667869431,6.992811389891192
76,Abilene,US,169885,1.9424905082850163,0.706360184830915,0.4120434411513671,1.294993672190011,0.4709067898872767,7.299055243252788
77,Kalamazoo,US,336919,4.184982147044245,1.4246747734618705,0.7123373867309353,1.840204915721583,0.5342530400482015,5.876783440530216
78,Wichita,US,643764,2.5009164849230463,0.2640719269794521,0.2640719269794521,0.932018565809831,0.3262064980334408,5.592111394858986
79,Fresno,US,976874,2.0268734760061173,0.9213061254573262,0.3378122460010196,2.11900408855185,0.327575511273716,6.387722469837461
80,Modesto,US,539425,3.8930342494322656,2.1875144830143207,0.48199471659637577,4.375028966028641,0.8156833665477128,11.753255781619316
81,Killeen,US,434470,2.0254563030819157,0.6444633691624277,0.23016548898658135,1.4960756784127789,0.27619858678389764,5.454922088981979
82,Cape Girardeau,US,97631,4.8140447194026486,1.0242648339154572,0.30727945017463715,0.8194118671323658,0.20485296678309145,5.73588306992656
83,Cumberland,US,98752,79.79585223590408,23.493195074530135,14.58198314970836,83.23882047958521,11.645333765392092,80.70722618276085
84,East Stroudsburg,US,165226,12.044109280621694,2.3604033263529955,0.9078474332126906,5.5076077614903225,1.0894169198552286,13.43614201154782
85,Los Angeles,US,10170868,3.0479207870950638,1.7697604570229404,1.1798403046819603,5.9975215487999645,0.8927458305426833,7.472321929652415
86,Oakland,US,2787325,8.610406034459563,6.457804525844672,3.9464360991272995,15.426977478406716,2.2674069224076847,11.480541379279417
87,Williamsport,US,115682,5.618851679604433,0.6051071039574004,0.25933161598174304,1.0373264639269721,0.6915509759513148,4.581525215677461
88,Akron,US,703561,8.727032908305038,1.918810167135472,0.739097249563293,4.022394646661768,0.8670179273723245,11.726062132494553
89,Chattanooga,US,551407,2.8291262171136746,1.0518546191832894,0.41711476277958026,1.3782922596194824,0.544062734060322,7.0002738449094775
90,Grand Junction,US,148848,3.224766204450177,0.873374180371923,0.6718262925937869,1.6795657314844672,0.6046436633344082,5.912071374825325
91,Hattiesburg,US,149558,1.872183366988058,0.4011821500688696,0.06686369167814493,1.1366827585284638,0.4011821500688696,5.68341379264232
92,Newark,US,2506862,23.535400033986715,5.185766109183513,5.584671194505321,18.3496339248032,2.5609706477660117,19.945254266090437
93,Gadsden,US,102537,2.3406185084408553,0.6826803982952495,0.19505154237007127,0.48762885592517824,0.09752577118503564,12.483298711684562
94,Staunton,US,119934,5.503026664665566,2.0844797972218054,1.167308686444211,2.5013757566661665,1.2506878783330833,11.506328480664365
95,Cape Coral,US,720949,5.4511484168783095,1.6644727990468118,0.8877188261582997,2.1915558520783023,0.5132124463727671,5.714689943394054
96,Phoenix,US,4662302,2.573835843323749,0.7571367105777361,0.5447952535035269,3.217294804154686,0.4053791453234904,6.2201032880323925
97,Jonesboro,US,129793,1.3097778770811985,0.3852287873768231,0.15409151495072923,0.5393203023275523,0.23113727242609386,6.240706355504535
98,Amarillo,US,263223,2.7733138821455574,0.5698590168792241,0.18995300562640802,1.2156992360090113,0.3039248090022528,6.420411590172591
99,Syracuse,US,655589,3.0811987388440016,0.6711522005402776,0.32032264116695064,1.586359746731565,0.24405534565101,2.806636474986615
100,West Palm Beach,US,1446241,3.2152317628942897,1.0924873516931135,0.6776187371261083,3.1322580399808886,0.33880936856305416,4.155600622579501
101,Battle Creek,US,133914,5.749958928864794,1.1201218692593753,0.29869916513583344,1.642845408247084,0.5227235389877085,8.587600997655212
102,Crestview,US,268298,3.876286815406749,1.3790635785581704,0.40999187470648313,2.3854072710195378,0.521807840535524,6.8207739155714915
103,Dallas,US,4791249,3.1307076714234636,0.9579965474555799,0.4591704584754414,2.9219938266618994,0.43203765865643806,7.722412256177878
104,Johnstown,US,134652,7.129489350325283,2.0051688797789855,0.5198585984612185,1.1139827109883254,0.2970620562635535,6.683896265929953
105,Muskegon,US,172890,4.685059864653826,1.1568049048527966,0.6362426976690382,1.4460061310659957,0.5205622071837585,6.131065995719822
106,Ocala,US,346358,3.0892891170407495,1.2703618799046072,0.2598467481623061,1.6168242107876822,0.3175904699761518,6.900374756754571
107,Pensacola,US,484608,3.4460842577918647,1.0936674590596938,0.47461040676175387,1.7127245113576333,0.3301637612255679,5.922312466983624
108,Winchester,US,134144,19.38215648854962,13.492962786259541,3.652791030534351,36.82609732824427,6.634661259541985,82.00143129770993
109,Asheville,US,451305,6.204229955351702,1.595373417090438,2.6589556951507296,2.7475875516557537,0.819844672671475,6.270703847730471
110,Las Cruces,US,214233,1.5403789332175717,1.1202755877945973,0.6534940928801819,1.1202755877945973,0.42010334542297406,5.414665341007221
111,Pittsburgh,US,2345496,4.0758969531391225,0.8100632019837168,0.3965046199183456,1.7821390443641771,0.3965046199183456,3.538697145507816
112,Roanoke,US,314014,29.58466819950703,8.025119899112779,2.3565828275172445,23.183679708548027,3.6622570968173394,73.24514193634678
113,San Francisco,US,4688840,4.6919920492062,3.4123578539681456,2.3459960246031,8.104349903174345,1.1772634596190104,5.331809146825227
114,Fort Smith,US,279567,1.3592448321869175,0.4650048110113139,0.10730880254107245,0.6438528152464347,0.39346560931726565,4.041964895713729
115,Mansfield,US,121064,5.2864600541862155,0.8260093834665961,0.08260093834665962,1.2390140751998941,0.9086103218132559,9.664309786559174
116,San Angelo,US,120833,2.979318563637417,0.49655309393956953,0.331035395959713,1.655176979798565,0.331035395959713,5.296566335355408
117,South Bend,US,319742,6.755446578804161,1.5012103508453691,0.4691282346391778,1.6575864290584283,0.7193299597800726,8.75706037993132
118,Buffalo,US,1127663,5.560171788912113,1.729240030044437,0.6828281144278034,2.3499928613424403,0.6739602168378319,5.276399066033027
119,Fort Worth,US,2428740,2.95626538863773,0.8481764206955047,0.21822014707214438,2.4415952304487103,0.33350626250648485,7.8229864044731015
120,Huntsville,US,448973,2.4500359709826647,0.7127377370131389,0.31182275994324826,1.4032024197446171,0.4454610856332118,6.258728253146626
121,Lexington,US,505664,4.133179344386786,1.0481268193899507,0.6921592203518542,2.1358055942285787,0.5735033540058221,8.60255031008733
122,Mount Vernon,US,123317,17.8402004589797,7.29826382412806,4.460050114744925,9.24446751056221,2.757121889115045,18.73221048192869
123,Valdosta,US,143315,2.093291002337508,0.3488818337229181,0.13955273348916722,0.6279873007012525,0.20932910023375081,7.954505808882532
124,Great Falls,US,82482,4.7283043573143235,0.12123857326446982,0.8486700128512887,0.9699085861157586,0.36371571979340944,5.334497223636673
125,Tucson,US,1017936,3.143616101601672,1.169032237783122,0.8644944279404599,2.996259096839094,0.520661416827777,6.709655616856069
126,Cincinnati,US,2163182,3.7907120159098957,1.0216431164830329,0.4807732312861331,1.6827063095014658,0.383694021122587,5.547383437916921
127,Rochester,US,1075149,3.7204145657950667,0.9673077871067173,0.39994456582296967,1.729992773094706,0.45575078430989563,3.0693420167809298
128,Warner Robins,US,189578,3.006677990062138,0.7384823133485953,0.6329848400130816,1.8462057833714882,0.5802361033453249,13.820169006952282
129,Champaign,US,239184,4.557161014114657,0.7943675162218209,0.5017057997190447,1.546926215800388,0.5853234330055522,6.313131313131314
130,Coeur d'Alene,US,153701,6.180831614628402,1.8217187916799502,0.5855524687542697,2.602455416685643,0.6506138541714107,6.896506854216954
131,Jefferson City,US,151164,2.9107459448016724,0.5953798523457966,0.0,1.1246063877642825,0.1984599507819322,5.226112037257548
132,Lynchburg,US,259926,1.5773720212675915,0.3462523949123982,0.3462523949123982,0.9618122080899948,0.26930741826519855,5.270730900333171
133,Colorado Springs,US,707431,3.943847527179329,0.9329531784725295,0.735054019402599,2.7847238811983073,0.6502400940869144,6.643757483061952
134,Madera,US,154726,10.08233910267182,4.847278414746067,2.003541744761708,10.276230239261663,1.6157594715820225,31.02258185437483
135,Panama City,US,200502,5.386479935362241,1.2967451696242431,0.4987481421631705,1.5461192407058284,0.3989985137305364,7.531096946663874
136,Tallahassee,US,380448,3.206745731348305,1.15653124737152,0.3417024139961309,1.8136512742871562,0.3942720161493818,5.8089410379342254
137,Laredo,US,272746,1.5032301115323417,0.21998489437058658,0.0,0.43996978874117315,0.0,3.263109266497034
138,Parkersburg,US,91681,2.9449940554749623,0.8725908312518407,0.21814770781296017,0.43629541562592034,0.21814770781296017,8.507760604705446
139,Brunswick,US,116597,3.8594474986491933,1.9726064993095875,0.7718894997298387,1.1149514996097671,0.5145929998198925,6.003584997898745
140,Denver,US,2868232,5.229702478739516,1.8861793606653854,0.9831840660030291,5.229702478739516,0.7391312836618517,6.9729366383193545
141,Knoxville,US,866010,2.3556309973325944,0.8544935970716274,0.26558584773847876,1.2817403956074411,0.3117746908234316,5.66968048867796
142,Odessa,US,163843,4.455484823886281,0.7934425028838583,0.3051701934168686,2.1361913539180803,0.3051701934168686,10.009582344073289
143,Fort Lauderdale,US,1930253,7.252935236987068,2.56961134110399,1.7458851249033158,6.734868434345135,0.6061381590910622,9.843269250196736
144,Gainesville,US,196154,5.607838738950009,3.160781834680914,0.7137249304118193,3.7725460607481875,0.8666659869286377,10.705873956177289
145,Hot Springs,US,97312,4.727063465965143,1.9524827359421244,0.30828674778033544,0.8220979940808945,0.41104899704044723,8.323742190069057
146,Port St. Lucie,US,461932,4.416234424114371,1.8400976767143216,0.5845016149563139,2.554488539438705,0.2164820796134496,5.823367941601794
147,Racine,US,194692,49.15456207753786,8.731740389949254,5.136317876440737,15.25486409302899,3.698148871037331,39.90918989994453
148,Des Moines,US,632763,4.7727190116994835,1.169474194919741,0.36348522274532485,1.7068001763693517,0.4267000440923379,5.057185707761041
149,Erie,US,276700,3.8308637513552584,0.3614022406938923,0.5782435851102277,0.5782435851102277,0.3252620166245031,3.397181062522588
150,Sherman,US,125998,3.730217939967301,1.1111287480753662,0.3968316957412022,1.6666931221130494,0.15873267829648088,9.603327036937095
151,Sierra Vista,US,125652,2.228376786680674,1.2733581638175278,0.7162639671473594,1.114188393340337,0.31833954095438194,3.899659376691179
152,Joplin,US,177228,2.5955266662152705,0.507820434694292,0.28212246371905114,0.8463673911571535,0.33854695646286137,6.883788114744848
153,Lakeland,US,661218,3.4633055966413497,1.2250120232661543,0.1361124470295727,2.0416867054435905,0.37809013063770197,6.790498746253126
154,Omaha,US,923710,5.185610202336231,0.9310281365363589,0.38973270831754553,2.1760076214396293,0.4438622511394269,5.921771984713818
155,Salt Lake City,US,1190065,2.369618466218232,1.7394007890325318,0.5461886535609399,3.310743530815544,0.7142467008104599,8.402902362475999
156,Sioux Falls,US,256120,3.3968452287990005,0.46853037638606904,0.31235358425737936,0.9761049508043105,0.1952209901608621,4.255817585506794
157,Tampa,US,3020266,4.304256644944518,1.5495323921800266,0.5496204638929154,2.5991088202164976,0.3675172981452627,4.9664499749359825
158,Salisbury,US,397778,0.9553067288789224,0.1759775553198015,0.20111720607977313,0.45251371367948956,0.20111720607977313,2.6145236790370507
159,Springfield,US,210256,5.802450346244577,0.998782436648657,0.475610684118408,2.615858762651244,0.8560992314131345,11.034167871547067
160,Hinesville,US,80776,4.332970189165099,1.2379914826185996,0.12379914826185996,3.961572744379519,0.3713974447855799,16.341487570565516
161,New Haven,US,804612,6.487598991812203,1.7523974288228363,0.9072695908089862,4.971340223610883,0.8078427863367685,8.152997966721848
162,Peoria,US,375999,4.095755573818016,0.6648953853600674,0.10638326165761079,0.9042577240896917,0.265958154144027,4.069159758403613
163,Sumter,US,107671,2.043261416723166,0.7430041515356968,0.2786265568258863,1.021630708361583,0.1857510378839242,8.544547742660512
164,Oxnard,US,849851,2.2356860202553155,2.3180533999489326,0.9295747136851048,4.236036669957439,0.8001402598808497,6.118719634382969
165,Pocatello,US,84414,4.857014239344185,0.0,0.23692752387044805,0.8292463335465682,0.23692752387044805,7.5816807638543375
166,Bowling Green,US,170204,14.218232238960306,1.821343799205659,0.7637893351507602,4.053958778877112,0.9988014382740711,21.621113487344598
167,Elmira,US,86124,14.165621661789977,3.4833495889647486,1.277228182620408,4.99280107751614,1.9738981004133576,10.101713807997772
168,Evansville,US,315875,2.5009893153937477,0.2849228333992877,0.15829046299960428,0.8231104075979423,0.25326474079936684,4.622081519588445
169,Palm Bay,US,574187,3.988247731139855,1.428106174469293,0.38315043705273716,1.74159289569426,0.38315043705273716,4.42364595506342
170,Tacoma,US,857339,10.835853728805057,5.890318765389186,2.262815525713866,7.49995042801039,1.9012316015018564,16.329596577316558
171,Austin,US,2054651,4.813469538135673,1.713186327020988,0.9003962230081897,5.840407933026095,0.6570458924654358,6.813809255197111
172,Harrisburg,US,566382,5.208498857661437,1.2712268398360116,0.8651404882217302,2.5954214646651907,0.6709252765801172,6.479725697497449
173,Lansing,US,473685,3.5888829074173767,0.5277768981496141,0.3166661388897685,1.414442087040966,0.4222215185196913,4.369992716678806
174,Rapid City,US,145700,5.2161976664378855,1.3726835964310227,0.5490734385724091,1.0981468771448182,0.7549759780370625,5.628002745367193
175,Decatur,US,152077,92.05862819492756,27.157295317503635,17.293870868047108,85.48301189528989,12.756695621297105,184.11725638985513
176,New York,US,20177990,3.0726549076493748,0.6938253017272781,0.6938253017272781,2.3788296059220966,0.33105378682415837,2.527506456292227
177,Davenport,US,383016,4.908411136871567,0.4177371180316227,0.23497712889278777,0.9137999456941747,0.3916285481546463,4.777868287486684
178,Enid,US,63828,2.036723694930125,0.47001316036849033,0.47001316036849033,0.9400263207369807,0.31334210691232683,6.423513191702701
179,Lawton,US,129814,2.542098695056003,0.6162663503166069,0.38516646894787926,1.617699169581093,0.30813317515830346,6.239696796955644
180,Reno,US,457558,8.610930199013021,4.567726932978989,1.59542615362424,5.660484572447646,0.9616267227324187,8.982467796432365
181,Tyler,US,224848,2.134775492777343,0.48921938376147445,0.26684693659716785,1.6010816195830073,0.26684693659716785,7.78303565075073
182,Walla Walla,US,64789,5.55649878837457,1.8521662627915232,0.6173887542638411,0.7717359428298014,0.7717359428298014,5.0934572226766885
183,Bloomington,US,166354,5.049472810993423,3.3062024357695035,1.3224809743078014,2.584849177056157,1.0219171165105738,7.213532587133462
184,Boston,US,1994514,8.022004357953868,2.8177290307312957,1.739772195131245,9.526130175070218,1.5442358389061193,7.52062908558175
185,Deltona,US,631296,8.458789537712896,4.2452351987023516,1.2672343876723438,6.684661394971614,1.4414791159772913,13.844535685320356
186,Eau Claire,US,166178,7.040643165762015,0.481411498513642,0.3008821865710262,0.8424701223988735,0.36105862388523147,4.693762110508009
187,Kahului,US,164771,7.100764090768401,8.071808752753823,6.433170885653422,6.979383508020223,0.7889737878631556,7.889737878631555
188,San Diego,US,3317259,5.124712903032293,2.5502983035090114,1.1636112826885088,6.933435104102513,0.9254628595475963,7.536342504459253
189,Bay City,US,105209,11.310819416589835,1.3306846372458632,0.9504890266041879,2.8514670798125636,0.9504890266041879,17.393949186856638
190,Lubbock,US,314167,2.992039265740832,0.4137926644109661,0.4456228693656558,1.3686988130516573,0.31830204954689706,6.970814885077044
191,San Jose,US,1991233,4.394262248566592,4.72069315846011,1.2605255135888165,10.044027996723639,1.32581169556752,10.044027996723639
192,Santa Maria,US,445908,3.879724068641962,2.7584165343523774,0.9867506301748343,3.5657579590408783,0.8073414246885008,6.660566753680131
193,Spokane,US,553915,4.693860971448688,1.0470920628616305,0.4152261628589224,1.9678109457227193,0.3971728514302736,5.325726871451395
194,Blacksburg,US,181407,2.3152359060014223,0.385872651000237,0.6063713087146582,1.1024932885721057,0.385872651000237,7.166206375718687
195,Punta Gorda,US,176234,13.391286584881463,3.46130712575326,2.1562241111249816,5.1635893187466655,1.1348547953289376,16.795850970868276
196,Wheeling,US,142933,195.89597923502618,68.21377848362519,41.48796988798948,160.91455437162867,30.08402538252188,279.8513989071803
197,El Paso,US,843018,3.3214000175559715,0.7473150039500936,0.14234571503811308,1.4709057220605017,0.28469143007622616,5.349826456849082
198,Hagerstown,US,261805,7.104524359733389,2.177192948950555,0.8403200855598633,3.3994767097649015,1.3750692309161399,12.452015813296155
199,Prescott,US,225038,2.6217794328069037,1.0664865489384014,1.7330406420249025,1.5997298234076023,0.7998649117038011,4.043761498058106
200,Seattle,US,3808184,4.464070013423721,2.321316406980335,0.9269510086697492,4.201477659692914,0.8534251496251232,5.251847074616143
201,Sebastian,US,150236,12.580207140765197,4.725897920604915,1.7971724486807423,5.59120317367342,0.998429138155968,14.244255704358476
202,Waco,US,263878,2.7664299411091493,0.4926519073208073,0.2652741039419732,1.1368890168941708,0.37896300563139024,6.972919303617581
203,Allentown,US,831770,4.652728518701084,0.7814660302727917,0.4809021724755641,2.5006912968729336,0.5169698354112314,4.796999170443753
204,Fort Collins,US,340447,5.904002678831066,1.5274036781055493,1.3805379398261697,4.523464739004897,1.0574333156115343,8.371347081924647
205,McAllen,US,853003,1.4067945833719226,0.15240274653195826,0.03516986458429806,0.5978876979330671,0.11723288194766021,3.2121809653658895
206,Binghamton,US,243328,4.808324566017886,0.36987112046291426,0.5342582851130984,1.1918069437138348,0.41096791162546026,4.191872698579695
207,Green Bay,US,318010,7.515486934373133,0.6289110405333166,0.2201188641866608,1.7923964655199522,0.5031288324266533,4.874060564133203
208,Johnson City,US,200977,3.3834717405474257,1.2439234340247889,0.39805549888793246,1.343437308746772,0.7463540604148733,11.493852530389049
209,New Bern,US,126088,4.362032865934903,0.7930968847154368,0.8724065731869804,1.744813146373961,0.6344775077723495,9.437852928113697
210,Pittsfield,US,126594,7.662290471902303,3.238700096371076,2.9227293552617026,3.001722040539046,1.5798537055468662,4.265605004976539
211,Grants Pass,US,85644,5.721358180374574,3.853159590864509,1.0508617065994115,1.9849610013544439,1.1676241184437905,7.589556769884639
212,Harrisonburg,US,131581,3.875939535343249,1.823971546043882,1.2159810306959211,2.203965618136357,0.9879845874404359,8.359869586034458
213,Hartford,US,1019846,4.824257780096211,2.0885506243099448,0.6863781394445827,4.137879640651628,0.666767335460452,6.677478756596584
214,Medford,US,215751,5.237519177199641,2.224786907129052,1.575890725883078,2.92003281560688,1.2977923624919467,6.4426120852278785
215,Elgin,US,634927,13.954360107539921,6.20543779048615,1.70098294764595,15.261597002490051,2.3939760003905963,28.34971579409916
216,Minneapolis,US,3555186,2.8127923546053566,0.843837706381607,0.43317002260922494,2.123658227727044,0.4162932684815928,3.9379092964474993
217,Morgantown,US,138954,7.484491270492393,1.151460195460368,0.35983131108136507,1.7991565554068254,0.8635951465952761,10.363141759143312
218,Olympia,US,274020,6.349901467046201,4.561710824027443,0.9853295379899277,3.8683307787752717,1.1677979709510253,10.072257499452594
219,Fargo,US,234910,4.384657954110085,0.12770848410029373,0.3831254523008812,1.2770848410029374,0.3831254523008812,4.895491890511259
220,Flagstaff,US,140312,6.414276754661041,4.204914761388904,5.772849079194937,5.060151662010377,1.4966645760875763,8.694908489651633
221,Grand Rapids,US,1048249,2.5375650251037682,0.39112844371900185,0.25757238976617197,1.2401633581334208,0.24803267162668413,3.4819971209130656
222,College Station,US,252572,3.602933025038405,1.5441141535878877,0.5542973884674469,1.5837068241927055,0.35633403544335873,7.601792756124985
223,Dubuque,US,97625,10.345710627400768,1.331626120358515,1.1267605633802817,1.6389244558258644,0.9218950064020487,5.838668373879641
224,Gettysburg,US,102165,8.221993833504625,3.5237116429305537,1.5660940635246905,3.915235158811726,1.272451426613811,15.563059756276612
225,Madison,US,647587,6.284869832161547,2.3008491523146697,0.6176776247824617,3.042062302053624,0.7257712091193924,4.787001592064078
226,Mankato,US,99481,4.42295513716187,0.5026085383138489,0.20104341532553957,1.2062604919532371,0.3015651229883093,4.221911721836331
227,Santa Rosa,US,502249,6.450983476323496,4.101551222600742,3.305133509474384,8.242923330857801,1.5331040977682384,7.486326503387762
228,Warren,US,2555140,4.305047864304892,0.8101317344646477,0.5400878229764319,2.520409840556682,0.5635699022362767,7.044623777953459
229,Bellingham,US,215331,12.724596086954502,3.993851326562362,2.182686190098035,8.080582916533151,2.3220065852106755,13.88559937955984
230,Brownsville,US,423865,1.8166161395727414,0.6369952697203118,0.28310900876458306,0.5898104349262148,0.09436966958819436,3.6332322791454827
231,Cedar Rapids,US,267187,8.383641419679849,1.7590676193078256,0.7859663830949859,3.3310003854977976,0.8982472949656981,7.522821095337722
232,Eugene,US,367343,4.655049912479617,1.9327985016728235,0.4627827398371549,3.021699065995541,1.0072330219985137,6.043398131991082
233,Janesville,US,161430,11.522021929009478,1.7964442792541657,0.43362448119928143,2.97342501393793,0.5575171901133619,9.911416713126433
234,Longview,US,104085,2.594033722438392,0.5764519383196426,0.0,1.8254311380122015,0.09607532305327376,12.778017966085411
235,Norwich,US,159068,14.647823572308699,5.280760429501848,1.8231196720899239,7.669675861895541,1.7602534765006161,12.950436291397391
236,Anaheim,US,3179276,7.863425509455612,5.347129346429816,2.698727634845166,14.468702937398326,2.245794325500523,23.27573950798861
237,Billings,US,170245,4.816587858674263,0.587388763252959,0.5286498869276631,1.703427413433581,0.5286498869276631,4.757848982348968
238,Carson City,US,54605,58.602692061166564,37.542349601684826,11.537404999542165,39.739950553978574,6.409669444190092,54.94002380734364
239,Chico,US,224973,3.155934267667676,1.1112444604463647,0.6222968978499642,3.3781831597569485,0.8000960115213825,5.245073853306842
240,Kennewick,US,285194,2.840171953126644,1.0869793894682216,0.24544695891217908,2.0337033738437693,0.6662131741902003,5.224513839702097
241,Michigan City,US,110541,10.94616477144227,3.7994952099221107,1.356962574972182,4.975529441564668,0.7237133733184973,18.635619362951303
242,Santa Cruz,US,274494,17.013122326899676,17.559582358812943,5.646753663103747,35.665624749539155,5.28244697516157,32.78760191479595
243,Sioux City,US,168846,3.0797294576122622,0.2961278324627175,0.118451132985087,0.7699323644030656,0.236902265970174,4.915722018881111
244,Appleton,US,234069,12.731288637111279,0.854448901819549,0.5981142312736842,3.2469058269142863,0.9398937920015038,8.886268578923309
245,El Centro,US,180066,3.1655059811402486,0.3332111559094999,0.0,0.9996334677284996,0.27767596325791655,4.553885797429832
246,Farmington,US,116108,72.26030936714093,21.531677403796465,12.316119474971579,50.64250525372928,11.368725669204535,86.12670961518586
247,Owensboro,US,117893,2.6295030239284776,0.6785814255299297,0.25446803457372363,1.187517494677377,0.5089360691474473,6.8706369334905375
248,Portland,US,2435620,6.1585961685320365,2.282786313135875,1.0264326947553395,4.105730779021358,0.8663091943735065,5.748023090629902
249,Sheboygan,US,115401,12.391573729863692,2.339667767177061,0.8665436174729856,2.2530134054297624,0.4332718087364928,6.759040216289287
250,Weirton,US,119362,14.493724971096329,1.6755751411672055,0.7540088135252425,2.6809202258675287,0.8377875705836028,15.163955027563212
251,Glens Falls,US,125674,12.015213966293745,1.9892738354790966,1.273135254706622,4.53554434489234,1.1139933478682942,8.116237248754715
252,Lewiston,US,62714,14.510316675702395,7.653793411359505,1.4350862646299074,4.6241668526963675,2.3918104410498455,10.205057881812673
253,Bridgeport,US,935988,7.478728359765297,2.06199224776386,1.2500160258464852,7.254366508972338,0.8226601195741825,8.696692692641358
254,Lancaster,US,538376,4.476425397863204,1.300206547097196,0.7429751697698262,2.1732023715767417,0.650103273548598,4.8664873619923625
255,Logan,US,135889,1.0302526326634238,0.8094842113784044,0.588715790093385,1.17743158018677,0.7358947376167313,6.770231586073927
256,Greeley,US,291675,7.165509556869804,1.2342504499871432,1.4399588583183338,5.142710208279763,1.199965715265278,10.079712008228338
257,Ogden,US,653748,1.0860453875193499,0.8871920067059478,0.21414979472212534,1.5755306325984937,0.3518175199006345,5.261966384600794
258,San Luis Obispo,US,281827,6.741724533135576,5.464345147909888,2.1999311634442407,6.067552079822018,1.383827667327829,11.17706962072477
259,Utica,US,292919,3.311495669451282,0.2389739142902987,0.20483478367739888,0.6145043510321967,0.20483478367739888,2.2531826204513874
260,Worcester,US,861261,4.145084939408611,0.9172596924741745,0.5341005804280003,3.552929948064524,0.6037658735273047,4.412135229622612
261,Charlottesville,US,230398,4.383718608668478,1.2586914816968897,1.0850788635318016,2.821205045182684,0.781256781742897,5.989635326695544
262,Santa Fe,US,148925,5.909014604666778,2.7530636226288396,12.355212355212355,4.9017962061440326,2.148732583515192,6.5133456437804265
263,Grand Island,US,85552,5.610622779128483,0.8182158219562372,0.0,1.0519917710865905,0.2337759491303535,7.013278473910604
264,State College,US,161409,5.080261943262148,1.7966780043244182,0.5575897254799919,1.8586324182666396,0.6814985533644345,4.956353115377706
265,Bend,US,180071,8.274513941722988,4.775893952940785,1.9992114221612585,5.109095856634327,1.1662066629274008,6.941706326948815
266,Corvallis,US,88515,16.94628029147602,4.8579336835564595,1.468677625261255,9.3769417612834,1.6946280291476021,19.9966107439417
267,Duluth,US,279220,3.653033450325908,0.7520951221259222,0.393954587780245,0.6088389083876513,0.3581405343456772,2.6502399541580113
268,San Rafael,US,261129,76.59049741698547,45.95429845019128,37.797410475282334,118.71527099632748,17.998766892991586,76.59049741698547
269,Ames,US,97202,8.95043311866011,4.835291454908336,0.5143927079689719,3.1892347894076254,1.131663957531738,11.625275200098763
270,Fond du Lac,US,101860,15.609660318083643,2.258001178087571,0.6872177498527391,2.5525230708816022,0.589043785588062,9.621048497938347
271,Grand Forks,US,101537,3.3485330470665864,0.0,0.0,0.689403862631356,0.3939450643607749,4.333395707968523
272,Wenatchee,US,117637,5.44046515977116,1.8701598986713364,0.9350799493356682,1.7001453624284875,0.680058144971395,5.015428819164039
273,Altoona,US,124942,4.642153959437179,1.2805941957068079,0.32014854892670197,0.5602599606217284,0.16007427446335099,4.241968273278801
274,Provo,US,599314,0.8509729457346233,1.80206035567332,0.36708636874826883,3.537377735210591,0.6841155053945011,9.594302819557026
275,Idaho Falls,US,141859,2.8901937839685883,0.42295518789784226,0.2819701252652282,1.2688655636935269,0.1409850626326141,7.965656038742695
276,La Crosse,US,137403,9.60677714460383,0.43667168839108317,0.43667168839108317,1.3827936799050966,0.363893073659236,4.075602424983443
277,Napa,US,142635,30.918077610684616,26.921863497738983,12.409296455989063,54.474708171206224,8.062537245416623,61.90626424089459
278,Wausau,US,136010,5.440776413499007,0.36762002793912213,0.14704801117564884,1.1763840894051907,0.29409602235129767,3.8967722961546944
279,Ann Arbor,US,361440,10.347498893315626,3.8457281983178397,1.7706949977866313,10.707171314741036,2.102700309871625,17.87295263390881
280,Bremerton,US,262877,49.452785903673586,22.215713052111827,11.98279043050552,36.02445250059914,8.939542067202533,45.64872544954485
281,Boulder,US,324108,37.024695471879745,12.310711244400014,8.145433003813544,30.853912893233122,4.597233021091735,40.11008676120306
282,Bangor,US,152658,2.9477655936799905,1.1136003353902186,0.3930354124906654,0.8515767270631084,0.5240472166542206,2.751247887434658
283,Casper,US,82870,3.3787860504404486,0.36201279111861956,0.4826837214914927,0.7240255822372391,0.6033546518643659,5.792204657897913
284,Dalton,US,143925,10.005211047420532,2.987667187771409,1.389612645475074,4.724682994615251,1.5980545422963348,24.318221295813792
285,Danville,US,78439,127.48760183072196,127.48760183072196,50.99504073228878,305.9702443937327,43.21829702061474,280.4727240275883
286,Iowa City,US,169088,11.650738077214232,2.6021953065859202,1.1828160484481454,4.31727857683573,1.1828160484481454,8.516275548826647
287,Missoula,US,115226,6.248589728012775,0.9546456528908406,0.8678596844462187,3.1242948640063877,1.2150035582247063,6.682519570235884
288,Ocean City,US,93755,20.798890725827953,2.1332195616233802,2.1332195616233802,4.2664391232467604,1.2799317369740282,16.425790624500028
289,Oshkosh,US,169773,16.198099815636173,1.236945804103126,0.8835327172165185,3.4752286877183063,0.9424348983642865,10.366783882007152
